Model,Model_size_GB,Inference_Time_ms,BLEU_Score,Fact_Checking_Score_(0-100),TOPSIS_Score,Rank
phi-2,4.9,2.3,41.1,81,0.25812230082032095,4.0
TinyLlama,2.8,3.1,39.0,91,0.49220582369437843,2.0
PairRM,1.6,0.9,34.8,74,0.9839824066771271,1.0
Yi34-B,3.1,2.6,40.2,83,0.44438831894576697,3.0
Orion-14B-Basel,18.5,3.8,43.2,88,0.014747667546847459,5.0
